<?xml version="1.0" encoding="ISO-8859-1"?>
<gfc:FC_FeatureCatalogue xmlns:gfc="http://www.isotc211.org/2005/gfc">
   <gmx:name xmlns:gmx="http://www.isotc211.org/2005/gmx">
      <gco:CharacterString xmlns:gco="http://www.isotc211.org/2005/gco">Feature Catalog for the 2013 State-County  1:20,000,000</gco:CharacterString>
   </gmx:name>
   <gmx:scope xmlns:gmx="http://www.isotc211.org/2005/gmx">
      <gco:CharacterString xmlns:gco="http://www.isotc211.org/2005/gco">The State-County at a scale of 1:20,000,000</gco:CharacterString>
   </gmx:scope>
   <gmx:versionNumber xmlns:gmx="http://www.isotc211.org/2005/gmx">
      <gco:CharacterString xmlns:gco="http://www.isotc211.org/2005/gco"/>
   </gmx:versionNumber>
   <gmx:versionDate xmlns:gmx="http://www.isotc211.org/2005/gmx">
      <gco:Date xmlns:gco="http://www.isotc211.org/2005/gco">2014-04-</gco:Date>
   </gmx:versionDate>
   <gmx:language xmlns:gmx="http://www.isotc211.org/2005/gmx">
      <gco:CharacterString xmlns:gco="http://www.isotc211.org/2005/gco">eng</gco:CharacterString>
   </gmx:language>
   <gmx:characterSet xmlns:gmx="http://www.isotc211.org/2005/gmx">
      <gmd:MD_CharacterSetCode xmlns:gmd="http://www.isotc211.org/2005/gmd"
                               codeList="http://www.isotc211.org/2005/resources/Codelist/gmxCodelists.xml#MD_CharacterSetCode"
                               codeListValue="utf8"
                               codeSpace="004">utf8
            </gmd:MD_CharacterSetCode>
   </gmx:characterSet>
   <gfc:producer xmlns:xlink="http://www.w3.org/1999/xlink"
                 xlink:href="https://www.ngdc.noaa.gov/docucomp/8dd6ee96-96e1-492c-be55-76cdde8f27f1"
                 xlink:title="pointofContact - U.S. Department of Commerce, U.S. Census Bureau, Geography Division/Cartographic Products Branch"/>
   <gfc:featureType>
      <gfc:FC_FeatureType>
         <gfc:typeName>
            <gco:LocalName xmlns:gco="http://www.isotc211.org/2005/gco">cb_2013_us_county_20m.shp</gco:LocalName>
         </gfc:typeName>
         <gfc:definition>
            <gco:CharacterString xmlns:gco="http://www.isotc211.org/2005/gco">Current County and Equivalent National entities</gco:CharacterString>
         </gfc:definition>
         <gfc:isAbstract>
            <gco:Boolean xmlns:gco="http://www.isotc211.org/2005/gco">false</gco:Boolean>
         </gfc:isAbstract>
         <gfc:featureCatalogue uuidref="2013_county_20m.ea.iso.xml"/>
         <gfc:carrierOfCharacteristics>
            <gfc:FC_FeatureAttribute>
               <gfc:memberName>
                  <gco:LocalName xmlns:gco="http://www.isotc211.org/2005/gco">STATEFP</gco:LocalName>
               </gfc:memberName>
               <gfc:definition>
                  <gco:CharacterString xmlns:gco="http://www.isotc211.org/2005/gco">Current state Federal Information Processing Series (FIPS) codes</gco:CharacterString>
               </gfc:definition>
               <gfc:cardinality xmlns:gco="http://www.isotc211.org/2005/gco" gco:nilReason="unknown"/>
               <gfc:definitionReference xmlns:xlink="http://www.w3.org/1999/xlink" xlink:title="U.S. Census Bureau"
                                        xlink:href="http://www.ngdc.noaa.gov/docucomp/eb139e38-ee29-4d59-b157-5e874d4420c4"/>
               <gfc:listedValue>
                  <gfc:FC_ListedValue>
                     <gfc:label>
                        <gco:CharacterString xmlns:gco="http://www.isotc211.org/2005/gco">National Standard Codes (ANSI INCITS 38-2009), Federal Information Processing Series (FIPS) - States/State Equivalents</gco:CharacterString>
                     </gfc:label>
                     <gfc:definitionReference xmlns:xlink="http://www.w3.org/1999/xlink" xlink:title="U.S. Census Bureau"
                                              xlink:href="http://www.ngdc.noaa.gov/docucomp/eb139e38-ee29-4d59-b157-5e874d4420c4"/>
                  </gfc:FC_ListedValue>
               </gfc:listedValue>
            </gfc:FC_FeatureAttribute>
         </gfc:carrierOfCharacteristics>
         <gfc:carrierOfCharacteristics>
            <gfc:FC_FeatureAttribute>
               <gfc:memberName>
                  <gco:LocalName xmlns:gco="http://www.isotc211.org/2005/gco">COUNTYFP</gco:LocalName>
               </gfc:memberName>
               <gfc:definition>
                  <gco:CharacterString xmlns:gco="http://www.isotc211.org/2005/gco">Current county Federal Information Processing Series (FIPS) code</gco:CharacterString>
               </gfc:definition>
               <gfc:cardinality xmlns:gco="http://www.isotc211.org/2005/gco" gco:nilReason="unknown"/>
               <gfc:definitionReference xmlns:xlink="http://www.w3.org/1999/xlink" xlink:title="U.S. Census Bureau"
                                        xlink:href="http://www.ngdc.noaa.gov/docucomp/eb139e38-ee29-4d59-b157-5e874d4420c4"/>
               <gfc:listedValue>
                  <gfc:FC_ListedValue>
                     <gfc:label>
                        <gco:CharacterString xmlns:gco="http://www.isotc211.org/2005/gco">National Standard Codes (ANSI INCITS 31-2009), Federal Information Processing Series (FIPS) - Counties/County Equivalents</gco:CharacterString>
                     </gfc:label>
                     <gfc:definitionReference xmlns:xlink="http://www.w3.org/1999/xlink" xlink:title="U.S. Census Bureau"
                                              xlink:href="http://www.ngdc.noaa.gov/docucomp/eb139e38-ee29-4d59-b157-5e874d4420c4"/>
                  </gfc:FC_ListedValue>
               </gfc:listedValue>
            </gfc:FC_FeatureAttribute>
         </gfc:carrierOfCharacteristics>
         <gfc:carrierOfCharacteristics>
            <gfc:FC_FeatureAttribute>
               <gfc:memberName>
                  <gco:LocalName xmlns:gco="http://www.isotc211.org/2005/gco">COUNTYNS</gco:LocalName>
               </gfc:memberName>
               <gfc:definition>
                  <gco:CharacterString xmlns:gco="http://www.isotc211.org/2005/gco">Current county ANSI code</gco:CharacterString>
               </gfc:definition>
               <gfc:cardinality xmlns:gco="http://www.isotc211.org/2005/gco" gco:nilReason="unknown"/>
               <gfc:definitionReference xmlns:xlink="http://www.w3.org/1999/xlink" xlink:title="U.S. Census Bureau"
                                        xlink:href="http://www.ngdc.noaa.gov/docucomp/eb139e38-ee29-4d59-b157-5e874d4420c4"/>
               <gfc:listedValue>
                  <gfc:FC_ListedValue>
                     <gfc:label>
                        <gco:CharacterString xmlns:gco="http://www.isotc211.org/2005/gco">INCITS 446:2008 (Geographic Names Information System (GNIS)), Identifying Attributes for Named Physical and Cultural Geographic Features (Except Roads and Highways) of the United States, Its Territories, Outlying Areas, and Freely Associated Areas, and the Waters of the Same to the Limit of the Twelve-Mile Statutory Zone</gco:CharacterString>
                     </gfc:label>
                     <gfc:definitionReference>
                        <gfc:FC_DefinitionReference>
                           <gfc:definitionSource>
                              <gfc:FC_DefinitionSource>
                                 <gfc:source>
                                    <gmd:CI_Citation xmlns:gmd="http://www.isotc211.org/2005/gmd">
                                       <gmd:title xmlns:gco="http://www.isotc211.org/2005/gco" gco:nilReason="inapplicable"/>
                                       <gmd:date xmlns:gco="http://www.isotc211.org/2005/gco" gco:nilReason="unknown"/>
                                       <gmd:citedResponsibleParty>
                                          <gmd:CI_ResponsibleParty>
                                             <gmd:organisationName>
                                                <gco:CharacterString xmlns:gco="http://www.isotc211.org/2005/gco">U.S. Geological Survey (USGS)</gco:CharacterString>
                                             </gmd:organisationName>
                                             <gmd:role>
                                                <gmd:CI_RoleCode codeList="http://www.isotc211.org/2005/resources/Codelist/gmxCodelists.xml#CI_RoleCode"
                                                                 codeListValue="resourceProvider"
                                                                 codeSpace="001">resourceProvider
                                                  </gmd:CI_RoleCode>
                                             </gmd:role>
                                          </gmd:CI_ResponsibleParty>
                                       </gmd:citedResponsibleParty>
                                    </gmd:CI_Citation>
                                 </gfc:source>
                              </gfc:FC_DefinitionSource>
                           </gfc:definitionSource>
                        </gfc:FC_DefinitionReference>
                     </gfc:definitionReference>
                  </gfc:FC_ListedValue>
               </gfc:listedValue>
            </gfc:FC_FeatureAttribute>
         </gfc:carrierOfCharacteristics>
         <gfc:carrierOfCharacteristics>
            <gfc:FC_FeatureAttribute>
               <gfc:memberName>
                  <gco:LocalName xmlns:gco="http://www.isotc211.org/2005/gco">AFFGEOID</gco:LocalName>
               </gfc:memberName>
               <gfc:definition>
                  <gco:CharacterString xmlns:gco="http://www.isotc211.org/2005/gco">American FactFinder summary level code + geovariant code + '00US' + GEOID</gco:CharacterString>
               </gfc:definition>
               <gfc:cardinality xmlns:gco="http://www.isotc211.org/2005/gco" gco:nilReason="unknown"/>
               <gfc:definitionReference xmlns:xlink="http://www.w3.org/1999/xlink" xlink:title="U.S. Census Bureau"
                                        xlink:href="http://www.ngdc.noaa.gov/docucomp/eb139e38-ee29-4d59-b157-5e874d4420c4"/>
               <gfc:listedValue>
                  <gfc:FC_ListedValue>
                     <gfc:label>
                        <gco:CharacterString xmlns:gco="http://www.isotc211.org/2005/gco">American FactFinder geographic identifier</gco:CharacterString>
                     </gfc:label>
                     <gfc:definitionReference xmlns:xlink="http://www.w3.org/1999/xlink" xlink:title="U.S. Census Bureau"
                                              xlink:href="http://www.ngdc.noaa.gov/docucomp/eb139e38-ee29-4d59-b157-5e874d4420c4"/>
                  </gfc:FC_ListedValue>
               </gfc:listedValue>
            </gfc:FC_FeatureAttribute>
         </gfc:carrierOfCharacteristics>
         <gfc:carrierOfCharacteristics>
            <gfc:FC_FeatureAttribute>
               <gfc:memberName>
                  <gco:LocalName xmlns:gco="http://www.isotc211.org/2005/gco">GEOID</gco:LocalName>
               </gfc:memberName>
               <gfc:definition>
                  <gco:CharacterString xmlns:gco="http://www.isotc211.org/2005/gco">County identifier; county FIPS code</gco:CharacterString>
               </gfc:definition>
               <gfc:cardinality xmlns:gco="http://www.isotc211.org/2005/gco" gco:nilReason="unknown"/>
               <gfc:definitionReference xmlns:xlink="http://www.w3.org/1999/xlink" xlink:title="U.S. Census Bureau"
                                        xlink:href="http://www.ngdc.noaa.gov/docucomp/eb139e38-ee29-4d59-b157-5e874d4420c4"/>
               <gfc:listedValue>
                  <gfc:FC_ListedValue>
                     <gfc:label>
                        <gco:CharacterString xmlns:gco="http://www.isotc211.org/2005/gco">National Standard Codes (ANSI INCITS 31-2009), Federal Information Processing Series (FIPS) - Counties/County Equivalents</gco:CharacterString>
                     </gfc:label>
                     <gfc:definitionReference xmlns:xlink="http://www.w3.org/1999/xlink" xlink:title="U.S. Census Bureau"
                                              xlink:href="http://www.ngdc.noaa.gov/docucomp/eb139e38-ee29-4d59-b157-5e874d4420c4"/>
                  </gfc:FC_ListedValue>
               </gfc:listedValue>
            </gfc:FC_FeatureAttribute>
         </gfc:carrierOfCharacteristics>
         <gfc:carrierOfCharacteristics>
            <gfc:FC_FeatureAttribute>
               <gfc:memberName>
                  <gco:LocalName xmlns:gco="http://www.isotc211.org/2005/gco">NAME</gco:LocalName>
               </gfc:memberName>
               <gfc:definition>
                  <gco:CharacterString xmlns:gco="http://www.isotc211.org/2005/gco">Current county name</gco:CharacterString>
               </gfc:definition>
               <gfc:cardinality xmlns:gco="http://www.isotc211.org/2005/gco" gco:nilReason="unknown"/>
               <gfc:definitionReference xmlns:xlink="http://www.w3.org/1999/xlink" xlink:title="U.S. Census Bureau"
                                        xlink:href="http://www.ngdc.noaa.gov/docucomp/eb139e38-ee29-4d59-b157-5e874d4420c4"/>
               <gfc:listedValue>
                  <gfc:FC_ListedValue>
                     <gfc:label>
                        <gco:CharacterString xmlns:gco="http://www.isotc211.org/2005/gco">National Standard Codes (ANSI INCITS 31-2009), Federal Information Processing Series (FIPS) - Counties/County Equivalents</gco:CharacterString>
                     </gfc:label>
                     <gfc:definitionReference xmlns:xlink="http://www.w3.org/1999/xlink" xlink:title="U.S. Census Bureau"
                                              xlink:href="http://www.ngdc.noaa.gov/docucomp/eb139e38-ee29-4d59-b157-5e874d4420c4"/>
                  </gfc:FC_ListedValue>
               </gfc:listedValue>
            </gfc:FC_FeatureAttribute>
         </gfc:carrierOfCharacteristics>
         <gfc:carrierOfCharacteristics>
            <gfc:FC_FeatureAttribute>
               <gfc:memberName>
                  <gco:LocalName xmlns:gco="http://www.isotc211.org/2005/gco">LSAD</gco:LocalName>
               </gfc:memberName>
               <gfc:definition>
                  <gco:CharacterString xmlns:gco="http://www.isotc211.org/2005/gco">Current legal/statistical area description code for county</gco:CharacterString>
               </gfc:definition>
               <gfc:cardinality xmlns:gco="http://www.isotc211.org/2005/gco" gco:nilReason="unknown"/>
               <gfc:definitionReference xmlns:xlink="http://www.w3.org/1999/xlink" xlink:title="U.S. Census Bureau"
                                        xlink:href="http://www.ngdc.noaa.gov/docucomp/eb139e38-ee29-4d59-b157-5e874d4420c4"/>
               <gfc:listedValue>
                  <gfc:FC_ListedValue>
                     <gfc:label>
                        <gco:CharacterString xmlns:gco="http://www.isotc211.org/2005/gco">00</gco:CharacterString>
                     </gfc:label>
                     <gfc:definition>
                        <gco:CharacterString xmlns:gco="http://www.isotc211.org/2005/gco">Blank</gco:CharacterString>
                     </gfc:definition>
                     <gfc:definitionReference xmlns:xlink="http://www.w3.org/1999/xlink" xlink:title="U.S. Census Bureau"
                                              xlink:href="http://www.ngdc.noaa.gov/docucomp/eb139e38-ee29-4d59-b157-5e874d4420c4"/>
                  </gfc:FC_ListedValue>
               </gfc:listedValue>
               <gfc:listedValue>
                  <gfc:FC_ListedValue>
                     <gfc:label>
                        <gco:CharacterString xmlns:gco="http://www.isotc211.org/2005/gco">03</gco:CharacterString>
                     </gfc:label>
                     <gfc:definition>
                        <gco:CharacterString xmlns:gco="http://www.isotc211.org/2005/gco">City and Borough</gco:CharacterString>
                     </gfc:definition>
                     <gfc:definitionReference xmlns:xlink="http://www.w3.org/1999/xlink" xlink:title="U.S. Census Bureau"
                                              xlink:href="http://www.ngdc.noaa.gov/docucomp/eb139e38-ee29-4d59-b157-5e874d4420c4"/>
                  </gfc:FC_ListedValue>
               </gfc:listedValue>
               <gfc:listedValue>
                  <gfc:FC_ListedValue>
                     <gfc:label>
                        <gco:CharacterString xmlns:gco="http://www.isotc211.org/2005/gco">04</gco:CharacterString>
                     </gfc:label>
                     <gfc:definition>
                        <gco:CharacterString xmlns:gco="http://www.isotc211.org/2005/gco">Borough</gco:CharacterString>
                     </gfc:definition>
                     <gfc:definitionReference xmlns:xlink="http://www.w3.org/1999/xlink" xlink:title="U.S. Census Bureau"
                                              xlink:href="http://www.ngdc.noaa.gov/docucomp/eb139e38-ee29-4d59-b157-5e874d4420c4"/>
                  </gfc:FC_ListedValue>
               </gfc:listedValue>
               <gfc:listedValue>
                  <gfc:FC_ListedValue>
                     <gfc:label>
                        <gco:CharacterString xmlns:gco="http://www.isotc211.org/2005/gco">05</gco:CharacterString>
                     </gfc:label>
                     <gfc:definition>
                        <gco:CharacterString xmlns:gco="http://www.isotc211.org/2005/gco">Census Area</gco:CharacterString>
                     </gfc:definition>
                     <gfc:definitionReference xmlns:xlink="http://www.w3.org/1999/xlink" xlink:title="U.S. Census Bureau"
                                              xlink:href="http://www.ngdc.noaa.gov/docucomp/eb139e38-ee29-4d59-b157-5e874d4420c4"/>
                  </gfc:FC_ListedValue>
               </gfc:listedValue>
               <gfc:listedValue>
                  <gfc:FC_ListedValue>
                     <gfc:label>
                        <gco:CharacterString xmlns:gco="http://www.isotc211.org/2005/gco">06</gco:CharacterString>
                     </gfc:label>
                     <gfc:definition>
                        <gco:CharacterString xmlns:gco="http://www.isotc211.org/2005/gco">County</gco:CharacterString>
                     </gfc:definition>
                     <gfc:definitionReference xmlns:xlink="http://www.w3.org/1999/xlink" xlink:title="U.S. Census Bureau"
                                              xlink:href="http://www.ngdc.noaa.gov/docucomp/eb139e38-ee29-4d59-b157-5e874d4420c4"/>
                  </gfc:FC_ListedValue>
               </gfc:listedValue>
               <gfc:listedValue>
                  <gfc:FC_ListedValue>
                     <gfc:label>
                        <gco:CharacterString xmlns:gco="http://www.isotc211.org/2005/gco">07</gco:CharacterString>
                     </gfc:label>
                     <gfc:definition>
                        <gco:CharacterString xmlns:gco="http://www.isotc211.org/2005/gco">District</gco:CharacterString>
                     </gfc:definition>
                     <gfc:definitionReference xmlns:xlink="http://www.w3.org/1999/xlink" xlink:title="U.S. Census Bureau"
                                              xlink:href="http://www.ngdc.noaa.gov/docucomp/eb139e38-ee29-4d59-b157-5e874d4420c4"/>
                  </gfc:FC_ListedValue>
               </gfc:listedValue>
               <gfc:listedValue>
                  <gfc:FC_ListedValue>
                     <gfc:label>
                        <gco:CharacterString xmlns:gco="http://www.isotc211.org/2005/gco">10</gco:CharacterString>
                     </gfc:label>
                     <gfc:definition>
                        <gco:CharacterString xmlns:gco="http://www.isotc211.org/2005/gco">Island</gco:CharacterString>
                     </gfc:definition>
                     <gfc:definitionReference xmlns:xlink="http://www.w3.org/1999/xlink" xlink:title="U.S. Census Bureau"
                                              xlink:href="http://www.ngdc.noaa.gov/docucomp/eb139e38-ee29-4d59-b157-5e874d4420c4"/>
                  </gfc:FC_ListedValue>
               </gfc:listedValue>
               <gfc:listedValue>
                  <gfc:FC_ListedValue>
                     <gfc:label>
                        <gco:CharacterString xmlns:gco="http://www.isotc211.org/2005/gco">12</gco:CharacterString>
                     </gfc:label>
                     <gfc:definition>
                        <gco:CharacterString xmlns:gco="http://www.isotc211.org/2005/gco">Municipality</gco:CharacterString>
                     </gfc:definition>
                     <gfc:definitionReference xmlns:xlink="http://www.w3.org/1999/xlink" xlink:title="U.S. Census Bureau"
                                              xlink:href="http://www.ngdc.noaa.gov/docucomp/eb139e38-ee29-4d59-b157-5e874d4420c4"/>
                  </gfc:FC_ListedValue>
               </gfc:listedValue>
               <gfc:listedValue>
                  <gfc:FC_ListedValue>
                     <gfc:label>
                        <gco:CharacterString xmlns:gco="http://www.isotc211.org/2005/gco">13</gco:CharacterString>
                     </gfc:label>
                     <gfc:definition>
                        <gco:CharacterString xmlns:gco="http://www.isotc211.org/2005/gco">Municipio</gco:CharacterString>
                     </gfc:definition>
                     <gfc:definitionReference xmlns:xlink="http://www.w3.org/1999/xlink" xlink:title="U.S. Census Bureau"
                                              xlink:href="http://www.ngdc.noaa.gov/docucomp/eb139e38-ee29-4d59-b157-5e874d4420c4"/>
                  </gfc:FC_ListedValue>
               </gfc:listedValue>
               <gfc:listedValue>
                  <gfc:FC_ListedValue>
                     <gfc:label>
                        <gco:CharacterString xmlns:gco="http://www.isotc211.org/2005/gco">15</gco:CharacterString>
                     </gfc:label>
                     <gfc:definition>
                        <gco:CharacterString xmlns:gco="http://www.isotc211.org/2005/gco">Parish</gco:CharacterString>
                     </gfc:definition>
                     <gfc:definitionReference xmlns:xlink="http://www.w3.org/1999/xlink" xlink:title="U.S. Census Bureau"
                                              xlink:href="http://www.ngdc.noaa.gov/docucomp/eb139e38-ee29-4d59-b157-5e874d4420c4"/>
                  </gfc:FC_ListedValue>
               </gfc:listedValue>
               <gfc:listedValue>
                  <gfc:FC_ListedValue>
                     <gfc:label>
                        <gco:CharacterString xmlns:gco="http://www.isotc211.org/2005/gco">25</gco:CharacterString>
                     </gfc:label>
                     <gfc:definition>
                        <gco:CharacterString xmlns:gco="http://www.isotc211.org/2005/gco">city</gco:CharacterString>
                     </gfc:definition>
                     <gfc:definitionReference xmlns:xlink="http://www.w3.org/1999/xlink" xlink:title="U.S. Census Bureau"
                                              xlink:href="http://www.ngdc.noaa.gov/docucomp/eb139e38-ee29-4d59-b157-5e874d4420c4"/>
                  </gfc:FC_ListedValue>
               </gfc:listedValue>
            </gfc:FC_FeatureAttribute>
         </gfc:carrierOfCharacteristics>
         <gfc:carrierOfCharacteristics>
            <gfc:FC_FeatureAttribute>
               <gfc:memberName>
                  <gco:LocalName xmlns:gco="http://www.isotc211.org/2005/gco">ALAND</gco:LocalName>
               </gfc:memberName>
               <gfc:definition>
                  <gco:CharacterString xmlns:gco="http://www.isotc211.org/2005/gco">Current land area (square meters)</gco:CharacterString>
               </gfc:definition>
               <gfc:cardinality xmlns:gco="http://www.isotc211.org/2005/gco" gco:nilReason="unknown"/>
               <gfc:definitionReference xmlns:xlink="http://www.w3.org/1999/xlink" xlink:title="U.S. Census Bureau"
                                        xlink:href="http://www.ngdc.noaa.gov/docucomp/eb139e38-ee29-4d59-b157-5e874d4420c4"/>
               <gfc:valueMeasurementUnit>
                  <gml:DerivedUnit xmlns:gml="http://www.opengis.net/gml/3.2" gml:id="areaInMetersSquaredforALAND">
                     <gml:identifier codeSpace="area"/>
                     <gml:derivationUnitTerm uom="m" exponent="2"/>
                  </gml:DerivedUnit>
               </gfc:valueMeasurementUnit>
               <gfc:listedValue>
                  <gfc:FC_ListedValue>
                     <gfc:label xmlns:gco="http://www.isotc211.org/2005/gco" gco:nilReason="inapplicable"/>
                     <gfc:definition>
                        <gco:CharacterString xmlns:gco="http://www.isotc211.org/2005/gco">
                                            Range Domain Minimum: 0
                                            Range Domain Maximum: 9,999,999,999,999</gco:CharacterString>
                     </gfc:definition>
                  </gfc:FC_ListedValue>
               </gfc:listedValue>
            </gfc:FC_FeatureAttribute>
         </gfc:carrierOfCharacteristics>
         <gfc:carrierOfCharacteristics>
            <gfc:FC_FeatureAttribute>
               <gfc:memberName>
                  <gco:LocalName xmlns:gco="http://www.isotc211.org/2005/gco">AWATER</gco:LocalName>
               </gfc:memberName>
               <gfc:definition>
                  <gco:CharacterString xmlns:gco="http://www.isotc211.org/2005/gco">Current water area (square meters)</gco:CharacterString>
               </gfc:definition>
               <gfc:cardinality xmlns:gco="http://www.isotc211.org/2005/gco" gco:nilReason="unknown"/>
               <gfc:definitionReference xmlns:xlink="http://www.w3.org/1999/xlink" xlink:title="U.S. Census Bureau"
                                        xlink:href="http://www.ngdc.noaa.gov/docucomp/eb139e38-ee29-4d59-b157-5e874d4420c4"/>
               <gfc:valueMeasurementUnit>
                  <gml:DerivedUnit xmlns:gml="http://www.opengis.net/gml/3.2" gml:id="areaInMetersSquaredforAWATER">
                     <gml:identifier codeSpace="area"/>
                     <gml:derivationUnitTerm uom="m" exponent="2"/>
                  </gml:DerivedUnit>
               </gfc:valueMeasurementUnit>
               <gfc:listedValue>
                  <gfc:FC_ListedValue>
                     <gfc:label xmlns:gco="http://www.isotc211.org/2005/gco" gco:nilReason="inapplicable"/>
                     <gfc:definition>
                        <gco:CharacterString xmlns:gco="http://www.isotc211.org/2005/gco">
                                            Range Domain Minimum: 0
                                            Range Domain Maximum: 9,999,999,999,999</gco:CharacterString>
                     </gfc:definition>
                  </gfc:FC_ListedValue>
               </gfc:listedValue>
            </gfc:FC_FeatureAttribute>
         </gfc:carrierOfCharacteristics>
      </gfc:FC_FeatureType>
   </gfc:featureType>
</gfc:FC_FeatureCatalogue>